Big Horn Dr	2106
Big Horn Dr	2109
Big Horn Dr	2200
Big Horn Dr	2202
Big Horn Dr	2204
Big Horn Dr	2205
Big Horn Dr	2206
Big Horn Dr	2208
Big Horn Dr	2210
Big Horn Dr	2212
Big Horn Dr	2300
Big Horn Dr	2301
Big Horn Dr	2302
Big Horn Dr	2303
Big Horn Dr	2304
Big Horn Dr	2305
Big Horn Dr	2306
Big Horn Dr	2307
Big Horn Dr	2308
Big Horn Dr	2309
Big Horn Dr	2310
Big Horn Dr	2311
Big Horn Dr	2312
Big Horn Dr	2314
Big Horn Dr	2400
Big Horn Dr	2401
Big Horn Dr	2402
Big Horn Dr	2403
Big Horn Dr	2404
Big Horn Dr	2406
Big Horn Dr	2408
Big Horn Dr	2415
Big Horn Dr	2500
Big Horn Dr	2502
Big Horn Dr	2505
Big Horn Dr	2601
Big Horn Dr	2603
Big Horn Dr	2605
Big Horn Dr	2607
Big Horn Dr	2609
Brass Buttons Trl	2800
Brass Buttons Trl	2801
Brass Buttons Trl	2802
Brass Buttons Trl	2803
Brass Buttons Trl	2805
Brass Buttons Trl	2900
Brass Buttons Trl	2901
Brass Buttons Trl	2903
Brass Buttons Trl	2904
Brass Buttons Trl	2905
Brass Buttons Trl	2907
Brass Buttons Trl	2909
Brass Buttons Trl	2911
Brass Buttons Trl	2913
Brass Buttons Trl	2915
Brass Buttons Trl	2916
Brass Buttons Trl	2917
Brass Buttons Trl	2918
Brass Buttons Trl	2919
Brass Buttons Trl	2920
Brass Buttons Trl	3000
Brass Buttons Trl	3001
Brass Buttons Trl	3002
Brass Buttons Trl	3003
Brass Buttons Trl	3004
Brass Buttons Trl	3005
Brass Buttons Trl	3007
Brass Buttons Trl	3008
Brass Buttons Trl	3009
Brass Buttons Trl	3010
Brass Buttons Trl	3011
Brass Buttons Trl	3012
Brass Buttons Trl	3014
Brass Buttons Trl	3015
Brass Buttons Trl	3016
Brass Buttons Trl	3100
Brass Buttons Trl	3101
Brass Buttons Trl	3102
Brass Buttons Trl	3103
Brass Buttons Trl	3104
Brass Buttons Trl	3106
Brass Buttons Trl	3107
Brass Buttons Trl	3108
Brass Buttons Trl	3109
Brass Buttons Trl	3110
Brass Buttons Trl	3111
Brass Buttons Trl	3112
Brass Buttons Trl	3113
Brass Buttons Trl	3114
Brass Buttons Trl	3115
Brass Buttons Trl	3116
Brass Buttons Trl	3117
Brass Buttons Trl	3200
Brass Buttons Trl	3201
Brass Buttons Trl	3202
Brass Buttons Trl	3203
Brass Buttons Trl	3205
Brass Buttons Trl	3207
Brass Buttons Trl	3209
Brass Buttons Trl	3210
Brass Buttons Trl	3211
Brass Buttons Trl	3212
Brass Buttons Trl	3213
Brass Buttons Trl	3214
Brass Buttons Trl	3215
Brass Buttons Trl	3216
Brass Buttons Trl	3217
Brass Buttons Trl	3218
Brass Buttons Trl	3219
Brass Buttons Trl	3220
Brass Buttons Trl	3221
Brass Buttons Trl	3222
Brass Buttons Trl	3223
Brass Buttons Trl	3224
Brass Buttons Trl	3225
Brass Buttons Trl	3226
Brass Buttons Trl	3227
Brass Buttons Trl	3228
Brass Buttons Trl	3229
Brass Buttons Trl	3230
Brass Buttons Trl	3231
Brass Buttons Trl	3232
Brass Buttons Trl	3233
Brass Buttons Trl	3234
Brass Buttons Trl	3235
Brass Buttons Trl	3236
Brass Buttons Trl	3237
Brass Buttons Trl	3238
Brass Buttons Trl	3239
Brass Buttons Trl	3240
Brass Buttons Trl	3241
Brass Buttons Trl	3242
Brass Buttons Trl	3243
Brass Buttons Trl	3244
Brass Buttons Trl	3245
Brass Buttons Trl	3246
Brass Buttons Trl	3247
Brass Buttons Trl	3248
Brass Buttons Trl	3249
Brass Buttons Trl	3251
Brass Buttons Trl	3253
Brass Buttons Trl	3255
Brass Buttons Trl	3257
Brass Buttons Trl	3263
Brass Buttons Trl	3265
Brass Buttons Trl	3267