Chisholm Trail	3000
Chisholm Trail	2916
Ranch Road 620	1009
Ranch Road 620	1103
Ranch Road 620	1113
Sharps Road	1200
Sharps Road	1202
Ranch Road 620	1203
Sharps Road	1205
Sharps Road	1208
Sharps Road	1209
Debba Circle	1300
Sharps Road	1300
Debba Circle	1301
Debba Circle	1302
Sharps Road	1302
Debba Circle	1303
Sharps Road	1303
Debba Circle	1304
Sharps Road	1304
Debba Circle	1305
Debba Circle	1306
Remmington Road	1306
Debba Circle	1307
Debba Circle	1309
Saskatchewan Drive	13806
Saskatchewan Drive	13900
Saskatchewan Drive	13902
Saskatchewan Drive	13904
Saskatchewan Drive	13905
Saskatchewan Drive	13906
Saskatchewan Drive	13908
Saskatchewan Drive	13909
Saskatchewan Drive	13910
Saskatchewan Drive	13911
Saskatchewan Drive	13912
Shawnee Circle	1400
Saskatchewan Drive	14003
Saskatchewan Drive	14004
Saskatchewan Drive	14005
Shawnee Circle	1401
Saskatchewan Drive	14012
Running Deer Trail	14013
Running Deer Trail	14015
Saskatchewan Drive	14016
Running Deer Trail	14017
Remmington Road	1403
Shawnee Circle	1404
Remmington Road	1405
Red Fox Road	1406
Remmington Road	1407
Shawnee Circle	1407
Red Fox Road	1408
Shawnee Circle	1409
Red Fox Road	1410
Running Deer Trail	14101
Hunters Pass	14104
Running Deer Trail	14105
Running Deer Trail	14107
Running Deer Trail	14109
Running Deer Trail	14111
Hunters Pass	14113
Running Deer Trail	14113
Hunters Pass	14115
Running Deer Trail	14115
Running Deer Trail	14116
Running Deer Trail	14118
Running Deer Trail	14119
Red Fox Road	1412
Running Deer Trail	14120
Running Deer Trail	14122
Running Deer Trail	14123
Running Deer Trail	14124
Running Deer Trail	14125
Running Deer Trail	14126
Running Deer Trail	14127
Shawnee Circle	1413
Running Deer Trail	14130
Running Deer Trail	14133
Running Deer Trail	14134
Running Deer Trail	14139
Running Deer Trail	14147
Running Deer Trail	14153
Running Deer Trail	14155
Running Deer Trail	14159
Running Deer Trail	14163
Running Deer Trail	14167
Running Deer Trail	14169
Shawnee Circle	1417
Running Deer Trail	14173
Running Deer Trail	14175
Running Deer Trail	14177
Running Deer Trail	14179
Running Deer Trail	14181
Running Deer Trail	14185
Running Deer Trail	14187
Running Deer Trail	14189
Running Deer Trail	14191
Running Deer Trail	14193
Running Deer Trail	14197
Hunters Pass	14200
Running Deer Trail	14201
Hunters Pass	14202
Running Deer Trail	14203
Running Deer Trail	14205
Running Deer Trail	14207
Hunters Pass	14209
Running Deer Trail	14209
Hunters Pass	14211
Running Deer Trail	14219
Running Deer Trail	14223
Tuscola Circle	14401
Tuscola Circle	14404
Tuscola Circle	14405
Tuscola Circle	14408
Tuscola Circle	14412
Tuscola Circle	14414
Tuscola Circle	14418
Tuscola Circle	14420
Tuscola Circle	14422
Tuscola Circle	14426
Tuscola Circle	14427
Tuscola Circle	14430
Tuscola Circle	14432
Tuscola Circle	14434
Blue Jay Point	14500
Blue Jay Point	14503
Thunderhead Road	14503
Blue Jay Point	14504
Blue Jay Point	14505
Thunderhead Road	14507
Thunderhead Road	14513
Thunderhead Road	14517
Thunderhead Road	14519
Thunderhead Road	14521
Thunderhead Road	14523
Thunderhead Road	14525
Thunderhead Road	14527
Thunderhead Road	14605
Debba Drive	14706
Debba Drive	14708
Osage Point	14803
Thunderhead Road	14803
Osage Point	14805
Osage Point	14808
Debba Drive	14809
Debba Drive	14811
Debba Drive	14812
Debba Drive	14814
Debba Drive	14900
Debba Drive	14905
Longbranch Drive	14907
Running Deer Trail	14941
Running Deer Trail	14943
Running Deer Trail	14945
Running Deer Trail	14947
Running Deer Trail	14950
Running Deer Trail	14951
Running Deer Trail	14953
Foy Drive	15000
Debba Drive	15001
Red Fox Road	1501
Red Fox Road	1502
Remmington Road	1502
Red Fox Road	1503
Lance Road	1505
Red Fox Road	1505
Red Fox Road	1507
Foy Drive	15100
Debba Drive	15101
Foy Drive	15201
Kollmeyer Drive	15212
Kollmeyer Drive	15300
Debba Drive	15301
Debba Drive	15305
Debba Drive	15401
Debba Drive	15405
Debba Drive	15527
Red Fox Road	1600
Red Fox Road	1601
Red Fox Road	1602
Moeta Drive	1800
Red Fox Road	1800
Moeta Drive	1804
Moeta Drive	1806
Red Fox Road	1806
Moeta Drive	1808
Red Fox Road	1809
Moeta Drive	1901
Moeta Drive	1902
Red Fox Road	1903
Moeta Drive	1904
Platte Pass	1904
Platte Pass	1905
Moeta Drive	1907
Platte Pass	1909
Platte Pass	1911
Moeta Drive	2001
Platte Pass	2001
Moeta Drive	2005
Moeta Drive	2006
Little Beaver Trail	2103
Yellow Bird Trail	2103
Little Beaver Trail	2105
Big Horn Drive	2106
Little Beaver Trail	2107
Big Horn Drive	2109
Big Horn Drive	2200
Gila Pass	2200
Yellow Bird Trail	2200
Gila Pass	2201
Little Beaver Trail	2201
Big Horn Drive	2202
Gila Pass	2202
Nachez Trail	2202
Yellow Bird Trail	2202
Yellow Bird Trail	2203
Big Horn Drive	2204
Jacks Pass	2204
Nachez Trail	2204
Yellow Bird Trail	2204
Big Horn Drive	2205
Gila Pass	2205
Little Beaver Trail	2205
Big Horn Drive	2206
Nachez Trail	2206
Jacks Pass	2207
Big Horn Drive	2208
Little Beaver Trail	2209
Big Horn Drive	2210
Jacks Pass	2210
Jacks Pass	2211
Little Beaver Trail	2211
Yellow Bird Trail	2211
Big Horn Drive	2212
Jacks Pass	2212
Little Beaver Trail	2213
Little Beaver Trail	2215
Yellow Bird Trail	2215
Big Horn Drive	2300
Nachez Trail	2300
Big Horn Drive	2301
Gila Pass	2301
Little Beaver Trail	2301
Yellow Bird Trail	2301
Big Horn Drive	2302
Gila Pass	2302
Yellow Bird Trail	2302
Big Horn Drive	2303
Jacks Pass	2303
Little Beaver Trail	2303
Big Horn Drive	2304
Gila Pass	2304
Big Horn Drive	2305
Gila Pass	2305
Nachez Trail	2305
Big Horn Drive	2306
Big Horn Drive	2307
Gila Pass	2307
Big Horn Drive	2308
Big Horn Drive	2309
Jacks Pass	2309
Little Beaver Trail	2309
Big Horn Drive	2310
Big Horn Drive	2311
Little Beaver Trail	2311
Big Horn Drive	2312
Big Horn Drive	2314
Little Beaver Trail	2315
Big Horn Drive	2400
Big Horn Drive	2401
Jacks Pass	2401
Big Horn Drive	2402
Big Horn Drive	2403
Jacks Pass	2403
Big Horn Drive	2404
Big Horn Drive	2406
Big Horn Drive	2408
Big Horn Drive	2415
Big Horn Drive	2500
Big Horn Drive	2502
Geronimo Trail	2502
Geronimo Trail	2504
Big Horn Drive	2505
Geronimo Trail	2506
Geronimo Trail	2508
Geronimo Trail	2510
Geronimo Trail	2512
Geronimo Trail	2514
Ranch Road 620	801 1/2
Ranch Road 620	909
Ranch Road 620	1006
Bella Strada Cove	101 1/2
Bella Strada Cove	101
Bella Strada Cove	105
Bella Strada Cove	106
Bella Strada Cove	108
Bella Strada Cove	111
Bella Strada Cove	113
Ranch Road 620	1206
Ranch Road 620	1304
Agarita Road	14408
Agarita Road	14442
Agarita Road	14456
Agarita Road	14458
Mansfield Dam Court	14506
Agarita Road	14512
Agarita Road	14600
Mansfield Dam Court	14600
Mansfield Dam Court	14604
Mansfield Dam Court	14610
Mansfield Dam Court	14614
Mansfield Dam Court	14618
Agarita Road	14702
Hornsby Hill Road	14708
Hornsby Hill Road	14710
Hornsby Hill Road	14712
Hornsby Hill Road	14714
Hornsby Hill Road	14718
Hornsby Hill Road	14722
Hornsby Hill Road	14724
Venado Drive	15401
Gavilan Circle	15605
Stewart Road	15616
Debba Drive	15700
Stewart Road	15700
Oak Grove Boulevard	15701
Oak Grove Boulevard	15706
Fontaine Avenue	15801
Chateau Avenue	15802
Chateau Avenue	15805
Chateau Avenue	15806
Fontaine Avenue	15812
Fontaine Avenue	15815
Fontaine Avenue	15819
Chateau Avenue	15901
Chateau Avenue	15902
Fontaine Avenue	15902
Chateau Avenue	15904
Fontaine Avenue	15904
Chateau Avenue	15905
Soleil Court	15905
Chateau Avenue	15908
Chateau Avenue	15909
Fontaine Avenue	15910
Chateau Avenue	16000
Chateau Avenue	16001
Chateau Avenue	16004
Chateau Avenue	16005
Canard Circle	16006
Fontaine Avenue	16006
Chateau Avenue	16008
Fontaine Avenue	16008
Chateau Avenue	16009
Canard Circle	16012
Canard Circle	16014
Canard Circle	16018
Ranch Road 620	1602
Fontaine Avenue	16046
Fontaine Avenue	16048
Fontaine Avenue	16052
Chateau Avenue	16100
Chateau Avenue	16101
Chateau Avenue	16104
Chateau Avenue	16105
Chateau Avenue	16108
Chateau Avenue	16110
Chateau Avenue	16112
Costa Bella Drive	214
Ranch Road 620	2508
Ranch Road 620	2600
Ranch Road 620	2812
Ranch Road 620	2816
Ranch Road 620	3304
Ranch Road 620	3308
Ranch Road 620	3320
Ranch Road 620	3500
Ranch Road 620	3504
Ranch Road 620	3508
Ranch Road 620	3512
Ranch Road 620	3516
Ranch Road 620	3622
Hudson Bend Road	3700
Ranch Road 620	3700
Eck Lane	3717
Alazan Circle	3800
Alazan Circle	3802
Alazan Circle	3803
Conejo Drive	3900
Eck Lane	3900
Hudson Bend Road	3900
Conejo Drive	3902
Conejo Drive	3903
Guajolote Circle	3903
Conejo Drive	3905
Eck Lane	3905
Guajolote Circle	3905
Eck Lane	3906
Conejo Drive	3907
Ranch Road 620	3908
Eck Lane	3909
Eck Lane	4000
Hudson Bend Road	4000
Javelina Circle	4000
Paloma Circle	4000
Ranch Road 620	4000
Tejon Circle	4000
Paloma Circle	4001
Tejon Circle	4001
Paloma Circle	4002
Tejon Circle	4003
Tejon Circle	4004
Paloma Circle	4005
Eck Lane	4006
Eck Lane	4007
Eck Lane	4009
Highland Drive	4012
Lago Viento	4025
Ranch Road 620	4038
Aguila Circle	4101
Lago Viento	4101
Hudson Bend Road	4102
Zopilote Circle	4102
Aguila Circle	4103
Zopilote Circle	4103
Lago Viento	4114 1/2
Lago Viento	4114
Lago Viento	4127
Laguna Grande	4200
Hudson Bend Road	4204
Lago Viento	4215
Mansfield Dam Road	4300
Mansfield Dam Road	4301
Lago Viento	4315
Rum Runner Road	4319
Agarita Place	4401
Agarita Place	4403
Lago Viento	4406
Lago Viento	4415
Agarita Place	4501
Lago Viento	4501
Agarita Place	4503
Lago Viento	4530
Lago Viento	4532
Lago Viento	4535
Lago Viento	4537
Lago Viento	4539
Rock Bluff Place	4605
Agarita Cove	4704
Ranch Road 620	1307
Ranch Road 620	1311
Pyramid Drive	1312
Ranch Road 620	1315
Running Deer Trail	14004
Running Deer Trail	14006
Sharps Road	1401
Running Deer Trail	14014
Running Deer Trail	14016
Running Deer Trail	14018
Sharps Road	1402
Running Deer Trail	14020
Ranch Road 620	1403
Sharps Road	1403
Sharps Road	1404
Barney Drive	1405
Ranch Road 620	1407
Sharps Road	1407
Sharps Road	1408
Running Deer Trail	14100
Red Feather Trail	14101
Red Feather Trail	14102
Running Deer Trail	14102
Red Feather Trail	14103
Red Feather Trail	14104
Running Deer Trail	14104
Red Feather Trail	14105
Red Feather Trail	14106
Running Deer Trail	14106
Red Feather Trail	14107
Running Deer Trail	14108
Red Feather Trail	14109
Running Deer Trail	14110
Running Deer Trail	14112
Low Water Crossing Road	14125
Red Feather Trail	14205
Red Feather Trail	14206
Red Feather Trail	14207
Red Feather Trail	14208
Red Feather Trail	14209
Red Feather Trail	14211
Red Feather Trail	14212
Red Feather Trail	14213
Hunters Pass	14214
Red Feather Trail	14215
Hunters Pass	14216
Red Feather Trail	14217
Red Feather Trail	14219
Hunters Pass	14220
Running Deer Trail	14220
Red Feather Trail	14221
Red Feather Trail	14223
Hunters Pass	14226
Hunters Pass	14228
Hunters Pass	14230
Hunters Pass	14232
Hunters Pass	14234
Hunters Pass	14236
Hunters Pass	14238
Hunters Pass	14240
Hunters Pass	14241
Hunters Pass	14242
Hunters Pass	14244
Hunters Pass	14246
Hunters Pass	14248
Hunters Pass	14250
Hunters Pass	14252
Hunters Pass	14254
Hunters Pass	14256
Hunters Pass	14257
Hunters Pass	14258
Hunters Pass	14259
Hunters Pass	14260
Hunters Pass	14261
Hunters Pass	14262
Hunters Pass	14264
Hunters Pass	14265
Hunters Pass	14266
Hunters Pass	14268
Hunters Pass	14270
Hunters Pass	14272
Fallen Timber Drive	14300
Hunters Pass	14300
Red Feather Trail	14300
Fallen Timber Drive	14301
Hunters Pass	14301
Red Feather Trail	14301
Fallen Timber Drive	14302
Hunters Pass	14302
Red Feather Trail	14302
Cochise Trail	14303
Fallen Timber Drive	14303
Hunters Pass	14303
Red Feather Trail	14303
Cochise Trail	14304
Fallen Timber Drive	14304
Hunters Pass	14304
Cochise Trail	14305
Fallen Timber Drive	14305
Hunters Pass	14305
Red Feather Trail	14305
Hunters Pass	14306
Cochise Trail	14307
Hunters Pass	14307
Hunters Pass	14308
Red Feather Trail	14308
Cochise Trail	14309
Hunters Pass	14309
Hunters Pass	14310
Red Feather Trail	14310
Hunters Pass	14311
Hunters Pass	14312
Red Feather Trail	14312
Hunters Pass	14313
Red Feather Trail	14314
Red Feather Trail	14316
Red Feather Trail	14318
Red Feather Trail	14319
Red Feather Trail	14320
Red Feather Trail	14322
Red Feather Trail	14324
Red Feather Trail	14326
Red Feather Trail	14328
Cochise Trail	14400
Hunters Pass	14400
Cochise Trail	14401
Fallen Timber Drive	14401
Cochise Trail	14402
Hunters Pass	14402
Cochise Trail	14403
Cochise Trail	14404
Cochise Trail	14405
Hunters Pass	14406
Cochise Trail	14407
Hunters Pass	14408
Cochise Trail	14409
Cochise Trail	14411
Hunters Pass	14412
Cochise Trail	14413
Hunters Pass	14413
Hunters Pass	14414
Cochise Trail	14415
Hunters Pass	14415
Hunters Pass	14416
Cochise Trail	14417
Hunters Pass	14417
Hunters Pass	14418
Hunters Pass	14419
Hunters Pass	14421
Hunters Pass	14422
Hunters Pass	14423
Hunters Pass	14425
Hunters Pass	14426
Hunters Pass	14427
Hunters Pass	14428
Hunters Pass	14430
Hunters Pass	14431
Hunters Pass	14432
Hunters Pass	14434
General Williamson Drive	14500
Hunters Pass	14500
Hunters Pass	14502
Broken Bow Trail	14503
Great Eagle Trail	14504
Hunters Pass	14504
Pima Trail	14504
Thunderhead Road	14504
Broken Bow Trail	14505
General Williamson Drive	14505
Great Eagle Trail	14505
Pima Trail	14505
Running Deer Trail	14505
Hunters Pass	14506
Pima Trail	14506
Thunderhead Road	14506
Broken Bow Trail	14507
General Williamson Drive	14507
Great Eagle Trail	14507
Broken Bow Trail	14508
Hunters Pass	14508
Broken Bow Trail	14509
Great Eagle Trail	14509
Pima Trail	14509
Running Deer Trail	14509
Hunters Pass	14510
Pima Trail	14510
Broken Bow Trail	14511
Hunters Pass	14512
Pima Trail	14512
Broken Bow Trail	14513
Great Eagle Trail	14513
Hunters Pass	14513
Hunters Pass	14514
Broken Bow Trail	14515
Hunters Pass	14515
Hunters Pass	14516
Hunters Pass	14517
Hunters Pass	14518
Hunters Pass	14519
Hunters Pass	14520
Thunderhead Road	14520
Hunters Pass	14521
Hunters Pass	14522
Hunters Pass	14523
Hunters Pass	14524
Thunderhead Road	14524
Hunters Pass	14525
Hunters Pass	14526
Hunters Pass	14528
Hunters Pass	14529
Hunters Pass	14534
Hunters Pass	14535
Hunters Pass	14536
Hunters Pass	14539
Hunters Pass	14540
Hunters Pass	14542
Broken Bow Trail	14600
Colt Drive	14600
General Williamson Drive	14600
Great Eagle Trail	14600
Thunderhead Road	14600
Branding Iron Pass	14601
Broken Bow Trail	14601
General Williamson Drive	14601
Great Eagle Trail	14601
Running Deer Trail	14601
Great Eagle Trail	14602
Branding Iron Pass	14603
Broken Bow Trail	14603
Custer Court	14603
Great Eagle Trail	14603
Broken Bow Trail	14604
Colt Drive	14604
Custer Court	14604
Running Deer Trail	14604
Great Eagle Trail	14605
Pima Trail	14605
Running Deer Trail	14605
Branding Iron Pass	14606
Broken Bow Trail	14606
Custer Court	14606
General Williamson Drive	14606
Great Eagle Trail	14606
Pima Trail	14606
Thunderhead Road	14606
General Williamson Drive	14607
Broken Bow Trail	14608
Colt Drive	14608
Custer Court	14608
General Williamson Drive	14608
Great Eagle Trail	14608
Pima Trail	14608
Branding Iron Pass	14609
Branding Iron Pass	14610
Broken Bow Trail	14610
Custer Court	14610
General Williamson Drive	14610
Branding Iron Pass	14611
Colt Drive	14611
General Williamson Drive	14611
Great Eagle Trail	14611
Branding Iron Pass	14612
Broken Bow Trail	14612
General Williamson Drive	14612
Great Eagle Trail	14612
Broken Bow Trail	14614
General Williamson Drive	14614
Great Eagle Trail	14614
Branding Iron Pass	14615
Great Eagle Trail	14615
Branding Iron Pass	14621
Branding Iron Pass	14623
Branding Iron Pass	14625
Branding Iron Pass	14626
Branding Iron Pass	14629
Branding Iron Pass	14700
General Williamson Drive	14700
Great Eagle Trail	14700
Broken Bow Trail	14701
Great Eagle Trail	14701
Little Fox Trail	14701
General Williamson Drive	14702
Thunderhead Road	14702
Broken Bow Trail	14703
Great Eagle Trail	14703
Little Fox Trail	14703
General Williamson Drive	14704
Great Eagle Trail	14704
Branding Iron Pass	14705
Broken Bow Trail	14705
Colt Drive	14705
Little Fox Trail	14705
Broken Bow Trail	14706
Colt Drive	14706
General Williamson Drive	14706
Broken Bow Trail	14707
General Williamson Drive	14707
Great Eagle Trail	14707
Little Fox Trail	14707
General Williamson Drive	14708
Great Eagle Trail	14708
Thunderhead Road	14708
Branding Iron Pass	14709
Custer Court	14709
General Williamson Drive	14709
Little Fox Trail	14709
Broken Bow Trail	14710
Colt Drive	14710
General Williamson Drive	14710
Custer Court	14711
General Williamson Drive	14711
Great Eagle Trail	14711
Little Fox Trail	14711
Broken Bow Trail	14712
Colt Drive	14712
Great Eagle Trail	14712
Branding Iron Pass	14713
Broken Bow Trail	14713
Colt Drive	14713
General Williamson Drive	14713
Great Eagle Trail	14713
Little Fox Trail	14713
Broken Bow Trail	14714
Colt Drive	14714
Broken Bow Trail	14715
Great Eagle Trail	14715
Little Fox Trail	14715
Broken Bow Trail	14716
Colt Drive	14716
Copper Ridge Lane	14716
Broken Bow Trail	14718
Broken Bow Trail	14720
Broken Bow Trail	14721
Broken Bow Trail	14722
Broken Bow Trail	14723
Copper Ridge Lane	14724
Broken Bow Trail	14725
Copper Ridge Lane	14725
Broken Bow Trail	14800
General Williamson Drive	14800
Great Eagle Trail	14800
Iowa Street	14800
Osage Point	14800
Thunderhead Road	14800
Branding Iron Pass	14801
General Williamson Drive	14801
Great Eagle Trail	14801
Iowa Street	14801
Oklahoma Street	14801
Running Deer Trail	14801
Osage Point	14802
Running Deer Trail	14802
Branding Iron Pass	14803
Broken Bow Trail	14803
Great Eagle Trail	14803
Broken Bow Trail	14804
Copper Ridge Lane	14804
General Williamson Drive	14804
Osage Point	14804
Branding Iron Pass	14805
Broken Bow Trail	14805
Copper Ridge Lane	14805
General Williamson Drive	14805
Branding Iron Pass	14806
Broken Bow Trail	14806
General Williamson Drive	14806
Osage Point	14806
Running Deer Trail	14806
Branding Iron Pass	14807
Broken Bow Trail	14807
Great Eagle Trail	14807
Running Deer Trail	14807
Broken Bow Trail	14808
General Williamson Drive	14808
Iowa Street	14808
Running Deer Trail	14808
Branding Iron Pass	14809
Broken Bow Trail	14809
Running Deer Trail	14809
Broken Bow Trail	14810
Iowa Street	14810
Oklahoma Street	14810
Branding Iron Pass	14811
Broken Bow Trail	14811
Copper Ridge Lane	14812
Iowa Street	14812
Oklahoma Street	14812
Copper Ridge Lane	14813
Oklahoma Street	14813
Iowa Street	14814
Oklahoma Street	14814
Broken Bow Trail	14815
Iowa Street	14815
Oklahoma Street	14815
General Williamson Drive	14816
Iowa Street	14816
Iowa Street	14818
Broken Bow Trail	14819
Broken Bow Trail	14821
Broken Bow Trail	14823
General Williamson Drive	14828
General Williamson Drive	14840
Copper Ridge Lane	14900
Iowa Street	14900
Oklahoma Street	14900
Copper Ridge Lane	14901
Oklahoma Street	14901
Running Deer Trail	14901
Texas Street	14901
Debba Drive	14902
Iowa Street	14902
Oklahoma Street	14902
Running Deer Trail	14902
Texas Street	14902
Oklahoma Street	14903
Texas Street	14903
Debba Drive	14904
General Williamson Drive	14904
Iowa Street	14904
Oklahoma Street	14904
Running Deer Trail	14904
Texas Street	14904
Oklahoma Street	14905
Texas Street	14905
Iowa Street	14906
Running Deer Trail	14906
Texas Street	14906
Oklahoma Street	14907
Texas Street	14907
Copper Ridge Lane	14908
Iowa Street	14908
Oklahoma Street	14908
Texas Street	14908
Oklahoma Street	14909
Texas Street	14909
Iowa Street	14910
Oklahoma Street	14910
Texas Street	14910
Iowa Street	14911
Oklahoma Street	14911
Texas Street	14911
Iowa Street	14912
Oklahoma Street	14912
Oklahoma Street	14913
Oklahoma Street	14914
Texas Street	14914
Oklahoma Street	14915
Texas Street	14915
Copper Ridge Lane	14916
Oklahoma Street	14916
Running Deer Trail	14916
Texas Street	14916
Copper Ridge Lane	14917
Oklahoma Street	14917
Texas Street	14917
General Williamson Drive	14918
Running Deer Trail	14918
General Williamson Drive	14919
Texas Street	14919
Running Deer Trail	14921
Running Deer Trail	14924
Running Deer Trail	14925
Running Deer Trail	14926
Running Deer Trail	14927
Running Deer Trail	14928
Running Deer Trail	14929
General Williamson Drive	14930
Running Deer Trail	14930
Running Deer Trail	14934
Running Deer Trail	14935
Running Deer Trail	14937
Running Deer Trail	14938
Broken Bow Trail	14979
Broken Bow Trail	14980
Broken Bow Trail	14986
Broken Bow Trail	14993
Barney Drive	1500
Sharps Road	1500
Blanchard Drive	15000
Dexler Drive	15000
General Williamson Drive	15000
Iowa Street	15000
Kevin Lane	15000
Oklahoma Street	15000
Texas Street	15000
Blanchard Drive	15001
Dexler Drive	15001
Iowa Street	15001
Julie Lane	15001
Oklahoma Street	15001
Texas Street	15001
General Williamson Drive	15002
Iowa Street	15002
Julie Lane	15002
Oklahoma Street	15002
Richerson Drive	15002
Sutton Drive	15002
Texas Street	15002
Blanchard Drive	15003
General Williamson Drive	15003
Julie Lane	15003
Oklahoma Street	15003
Texas Street	15003
Blanchard Drive	15004
Dexler Drive	15004
General Williamson Drive	15004
Iowa Street	15004
Oklahoma Street	15004
Sutton Drive	15004
Texas Street	15004
Blanchard Drive	15005
Dexler Drive	15005
General Williamson Drive	15005
Iowa Street	15005
Kevin Lane	15005
Lariat Trail	15005
Oklahoma Street	15005
Sutton Drive	15005
Texas Street	15005
General Williamson Drive	15006
Iowa Street	15006
Oklahoma Street	15006
Sutton Drive	15006
Texas Street	15006
Blanchard Drive	15007
General Williamson Drive	15007
Julie Lane	15007
Oklahoma Street	15007
Sutton Drive	15007
Texas Street	15007
Blanchard Drive	15008
General Williamson Drive	15008
Iowa Street	15008
Oklahoma Street	15008
Sutton Drive	15008
Texas Street	15008
Blanchard Drive	15009
Broken Bow Trail	15009
Dexler Drive	15009
General Williamson Drive	15009
Julie Lane	15009
Oklahoma Street	15009
Texas Street	15009
Barney Drive	1501
Ranch Road 620	1501
Sharps Road	1501
General Williamson Drive	15010
Iowa Street	15010
Oklahoma Street	15010
Sutton Drive	15010
Texas Street	15010
General Williamson Drive	15011
Iowa Street	15011
Oklahoma Street	15011
Texas Street	15011
General Williamson Drive	15012
Iowa Street	15012
Oklahoma Street	15012
Texas Street	15012
Blanchard Drive	15013
General Williamson Drive	15013
Oklahoma Street	15013
Texas Street	15013
Iowa Street	15014
Julie Lane	15014
Oklahoma Street	15014
Texas Street	15014
Blanchard Drive	15015
Oklahoma Street	15015
Texas Street	15015
Iowa Street	15016
Oklahoma Street	15016
Texas Street	15016
Blanchard Drive	15017
Oklahoma Street	15017
Texas Street	15017
Iowa Street	15018
Oklahoma Street	15018
Oklahoma Street	15019
Texas Street	15019
Sharps Road	1502
Pyramid Drive	1503
Ranch Road 620	1503
Sharps Road	1503
Westward Ho Trail	1504
Barney Drive	1505
Sharps Road	1505
Sharps Road	1506
Westward Ho Trail	1506
Sharps Road	1507
Sharps Road	1508
Westward Ho Trail	1508
Barney Drive	1509
Debba Drive	15090
Blanchard Drive	15100
Debba Drive	15100
Dexler Drive	15100
General Williamson Drive	15100
Iowa Street	15100
Kevin Lane	15100
Lariat Trail	15100
Oklahoma Street	15100
Sophie Drive	15100
Storm Drive	15100
Sutton Drive	15100
Texas Street	15100
Blanchard Drive	15101
Dexler Drive	15101
General Williamson Drive	15101
Kevin Lane	15101
Oklahoma Street	15101
Richerson Drive	15101
Sophie Drive	15101
Sutton Drive	15101
Texas Street	15101
General Williamson Drive	15102
Iowa Street	15102
Kevin Lane	15102
Lariat Trail	15102
Oklahoma Street	15102
Texas Street	15102
Blanchard Drive	15103
General Williamson Drive	15103
Kevin Lane	15103
Lariat Trail	15103
Oklahoma Street	15103
Texas Street	15103
Blanchard Drive	15104
Dexler Drive	15104
General Williamson Drive	15104
Iowa Street	15104
Lariat Trail	15104
Oklahoma Street	15104
Richerson Drive	15104
Storm Drive	15104
Texas Street	15104
Blanchard Drive	15105
Dexler Drive	15105
General Williamson Drive	15105
Iowa Street	15105
Lariat Trail	15105
Oklahoma Street	15105
Storm Drive	15105
Texas Street	15105
General Williamson Drive	15106
Lariat Trail	15106
Texas Street	15106
General Williamson Drive	15107
Lariat Trail	15107
Oklahoma Street	15107
Texas Street	15107
General Williamson Drive	15108
Iowa Street	15108
Kevin Lane	15108
Lariat Trail	15108
Storm Drive	15108
Texas Street	15108
Blanchard Drive	15109
Dexler Drive	15109
General Williamson Drive	15109
Lariat Trail	15109
Oklahoma Street	15109
Storm Drive	15109
Sutton Drive	15109
Lariat Trail	15110
Blanchard Drive	15111
Iowa Street	15111
Lariat Trail	15111
Oklahoma Street	15111
Lariat Trail	15112
Storm Drive	15112
Dexler Drive	15113
Lariat Trail	15113
Oklahoma Street	15113
Iowa Street	15114
Sophie Drive	15114
Iowa Street	15116
Storm Drive	15116
Storm Drive	15118
Westward Ho Trail	1512
Storm Drive	15120
Pyramid Drive	1515
Blanchard Drive	15200
Debba Drive	15200
Dexler Drive	15200
General Williamson Drive	15200
Iowa Street	15200
Kinsey Court	15200
Lariat Trail	15200
Storm Drive	15200
Blanchard Drive	15201
Dexler Drive	15201
General Williamson Drive	15201
Iowa Street	15201
Lariat Trail	15201
Oklahoma Street	15201
Richerson Drive	15201
Storm Drive	15201
Sutton Drive	15201
General Williamson Drive	15202
Iowa Street	15202
Kinsey Court	15202
Storm Drive	15202
Blanchard Drive	15203
Kinsey Court	15203
Lariat Trail	15203
Oklahoma Street	15203
Sophie Drive	15203
Sutton Drive	15203
Blanchard Drive	15204
Dexler Drive	15204
Iowa Street	15204
Lariat Trail	15204
Sophie Drive	15204
Storm Drive	15204
Blanchard Drive	15205
Dexler Drive	15205
General Williamson Drive	15205
Lariat Trail	15205
Oklahoma Street	15205
Richerson Drive	15205
Storm Drive	15205
Sutton Drive	15205
General Williamson Drive	15206
Iowa Street	15206
Lariat Trail	15206
Storm Drive	15206
Blanchard Drive	15207
General Williamson Drive	15207
Lariat Trail	15207
Oklahoma Street	15207
Sutton Drive	15207
General Williamson Drive	15208
Kinsey Court	15208
Lariat Trail	15208
Storm Drive	15208
Blanchard Drive	15209
Dexler Drive	15209
General Williamson Drive	15209
Lariat Trail	15209
Oklahoma Street	15209
Richerson Drive	15209
Sutton Drive	15209
Kevin Lane	15210
Sophie Drive	15210
Storm Drive	15210
Sutton Drive	15210
Lariat Trail	15211
Oklahoma Street	15211
General Williamson Drive	15212
Iowa Street	15212
Kevin Lane	15212
Lariat Trail	15212
Oklahoma Street	15212
Blanchard Drive	15213
General Williamson Drive	15213
Sutton Drive	15213
General Williamson Drive	15214
Lariat Trail	15214
Kevin Lane	15216
Sophie Drive	15216
Blanchard Drive	15217
Sutton Drive	15217
Blanchard Drive	15218
Kevin Lane	15218
Oklahoma Street	15219
Oklahoma Street	15221
Dexler Drive	15300
Harvey Court	15300
Oklahoma Street	15300
Storm Drive	15300
Dexler Drive	15301
Harvey Court	15301
Oklahoma Street	15301
Storm Drive	15301
Sutton Drive	15301
Harvey Court	15302
Oklahoma Street	15302
Storm Drive	15302
Texas Street	15302
Harvey Court	15303
Oklahoma Street	15303
Storm Drive	15303
Sutton Drive	15303
Texas Street	15303
Dexler Drive	15304
Harvey Court	15304
Oklahoma Street	15304
Texas Street	15304
Dexler Drive	15305
Harvey Court	15305
Oklahoma Street	15305
Sutton Drive	15305
Texas Street	15305
General Williamson Drive	15306
Oklahoma Street	15306
Storm Drive	15306
Texas Street	15306
Oklahoma Street	15307
Storm Drive	15307
Sutton Drive	15307
Texas Street	15307
General Williamson Drive	15308
Oklahoma Street	15308
Storm Drive	15308
Texas Street	15308
Blanchard Drive	15309
Dexler Drive	15309
Oklahoma Street	15309
Texas Street	15309
Blanchard Drive	15310
General Williamson Drive	15310
Oklahoma Street	15310
Storm Drive	15310
Texas Street	15310
Texas Street	15311
General Williamson Drive	15312
Oklahoma Street	15312
Texas Street	15312
Texas Street	15313 1/2
Texas Street	15313
Oklahoma Street	15314
Texas Street	15314
Dexler Drive	15315
Oklahoma Street	15315
Texas Street	15315
Oklahoma Street	15316
Texas Street	15316
Texas Street	15317
Texas Street	15318
Texas Street	15319
Texas Street	15320
Texas Street	15321
Texas Street	15323
Lariat Trail	15325
General Williamson Drive	15400
Storm Drive	15400
Stroup Circle	15400
Storm Drive	15401
Sutton Drive	15401
Texas Street	15401
Blanchard Drive	15402
Dexler Drive	15402
General Williamson Drive	15402
Storm Drive	15402
Texas Street	15402
Stroup Circle	15403
Sutton Drive	15403
Texas Street	15403
General Williamson Drive	15404
Stroup Circle	15404
Sutton Drive	15404
Texas Street	15404
Sutton Drive	15405
Texas Street	15405
Texas Street	15406
Ullman Drive	15406
Lariat Trail	15407
Sutton Drive	15407
Stroup Circle	15408
Ullman Drive	15408
Texas Street	15409
Ullman Drive	15409
Texas Street	15411
Stroup Circle	15412
Texas Street	15413
Lariat Trail	15415
Stroup Circle	15416
General Williamson Drive	15420
Stroup Circle	15421
Stroup Circle	15425
Stroup Circle	15429
Stroup Circle	15500
Sutton Drive	15500
Ullman Drive	15501
Ullman Drive	15502
Ullman Drive	15503
Sutton Drive	15504
Ullman Drive	15504
Storm Drive	15505
Sutton Drive	15505
Ullman Drive	15505
Stroup Circle	15506
Stroup Circle	15507
Ullman Drive	15507
Ullman Drive	15508
Ullman Drive	15509
Ullman Drive	15510
Ullman Drive	15512
Ullman Drive	15514
Ullman Drive	15515
General Williamson Drive	15516
Storm Drive	15602
Westward Ho Trail	1600
Susan Drive	1601
Westward Ho Trail	1601
Westward Ho Trail	1602
Ranch Road 620	1603
Westward Ho Trail	1603
Susan Drive	1604
Westward Ho Trail	1604
Barney Drive	1605
Ranch Road 620	1605
Westward Ho Trail	1605
Westward Ho Trail	1606
Ranch Road 620	1607
Susan Drive	1607
Westward Ho Trail	1607
Susan Drive	1608
Westward Ho Trail	1608
Pyramid Drive	1609
Barney Drive	1700
Pyramid Drive	1700
Westward Ho Trail	1700
Barney Drive	1701
Crazyhorse Pass	1702
Westward Ho Trail	1702
Pyramid Drive	1703
Susan Drive	1703
Crazyhorse Pass	1704
Susan Drive	1704
Westward Ho Trail	1705
Westward Ho Trail	1706
Crazyhorse Pass	1707
Westward Ho Trail	1708
Crazyhorse Pass	1711
Crazyhorse Pass	1712
Crazyhorse Pass	1713
Crazyhorse Pass	1800
Pyramid Drive	1800
Westward Ho Trail	1800
Barney Drive	1801
Crazyhorse Pass	1801
Pyramid Drive	1801
Crazyhorse Pass	1802
Quanah Parker Trail	1802
Westward Ho Trail	1802
Pyramid Drive	1803
Pyramid Drive	1804
Westward Ho Trail	1804
Pyramid Drive	1805
Quanah Parker Trail	1805
Ranch Road 620	1807
Westward Ho Trail	1807
Crazyhorse Pass	1808
Westward Ho Trail	1808
Barney Drive	1809
Crazyhorse Pass	1809
Quanah Parker Trail	1809
Westward Ho Trail	1809
Quanah Parker Trail	1810
Westward Ho Trail	1810
Crazyhorse Pass	1811
Quanah Parker Trail	1811
Ranch Road 620	1811
Quanah Parker Trail	1812
Westward Ho Trail	1812
Crazyhorse Pass	1813
Quanah Parker Trail	1813
Quanah Parker Trail	1814
Crazyhorse Pass	1815
Ranch Road 620	1815
Pyramid Drive	1900
Quanah Parker Trail	1900
Westward Ho Trail	1900
Crazyhorse Pass	1901
Pyramid Drive	1901
Ranch Road 620	1901
Westward Ho Trail	1901
Silver Circle	1902
Westward Ho Trail	1902
Whitebead Trail	1902
Crazyhorse Pass	1903
Pyramid Drive	1903
Silver Circle	1903
Crazyhorse Pass	1904
Pyramid Drive	1904
Silver Circle	1904
Westward Ho Trail	1904
Whitebead Trail	1904
Quanah Parker Trail	1905
Ranch Road 620	1905
Silver Circle	1905
Crazyhorse Pass	1906
Silver Circle	1906
Westward Ho Trail	1906
Silver Circle	1907
Whitebead Trail	1907
Pyramid Drive	1908
Quanah Parker Trail	1908
Westward Ho Trail	1908
Whitebead Trail	1908
Quanah Parker Trail	1909
Ranch Road 620	1909
Westward Ho Trail	1910
Westward Ho Trail	1912
Pyramid Drive	2000
Whitebead Trail	2000
Crazyhorse Pass	2001
Pyramid Drive	2001
Rain Water Drive	2001
Ranch Road 620	2001
Red Fox Road	2001
White Dove Pass	2001
Whitebead Trail	2001
Crazyhorse Pass	2002
Rain Water Drive	2002
White Dove Pass	2002
Whitebead Trail	2002
Crazyhorse Pass	2003
Rain Water Drive	2003
Whitebead Trail	2003
Indian Creek Road	2004
Little Beaver Trail	2004
Pyramid Drive	2004
Quanah Parker Trail	2004
Pyramid Drive	2005
Quanah Parker Trail	2005
Rain Water Drive	2005
Whitebead Trail	2005
Indian Creek Road	2006
Whitebead Trail	2006
Indian Creek Road	2008
Pyramid Drive	2008
Pyramid Drive	2009
Ranch Road 620	2009
Indian Creek Road	2010
Indian Creek Road	2011
Whitebead Trail	2011
Indian Creek Road	2012
Ranch Road 620	2013
Indian Creek Road	2014
Indian Creek Road	2015
Whitebead Trail	2017
Crazyhorse Pass	2100
Indian Creek Road	2100
Pyramid Drive	2100
Quanah Parker Trail	2100
White Dove Pass	2100
Crazyhorse Pass	2101
Pyramid Drive	2101
Quanah Parker Trail	2101
Rain Water Drive	2101
Ranch Road 620	2101
Red Fox Road	2101
Tishomingo Trail	2101
Whitebead Trail	2101
Crazyhorse Pass	2102
Quanah Parker Trail	2102
Rain Water Drive	2102
Tishomingo Trail	2102
Whitebead Trail	2102
Crazyhorse Pass	2103
Quanah Parker Trail	2103
Rain Water Drive	2103
Red Fox Road	2103
Tishomingo Trail	2103
White Dove Pass	2103
Whitebead Trail	2103
Crazyhorse Pass	2104
Little Beaver Trail	2104
Pyramid Drive	2104
Quanah Parker Trail	2104
Red Fox Road	2104
Tishomingo Trail	2104
Whitebead Trail	2104
Crazyhorse Pass	2105
Pyramid Drive	2105
Quanah Parker Trail	2105
Rain Water Drive	2105
Ranch Road 620	2105
Red Fox Road	2105
Scott Lane	2105
Tishomingo Trail	2105
Whitebead Trail	2105
Little Beaver Trail	2106
Rain Water Drive	2106
Tishomingo Trail	2106
Tishomingo Trail	2107
Whitebead Trail	2107
Tishomingo Trail	2109
Indian Creek Road	2110
Tishomingo Trail	2110
Tishomingo Trail	2113
Tishomingo Trail	2117
Crazyhorse Pass	2200
Indian Creek Road	2200
Little Beaver Trail	2200
Quanah Parker Trail	2200
Red Fox Road	2200
Crazyhorse Pass	2201
Indian Creek Road	2201
Pyramid Drive	2201
Quanah Parker Trail	2201
Rain Water Drive	2201
White Dove Pass	2201
Whitebead Trail	2201
Crazyhorse Pass	2202
Indian Creek Road	2202
Little Beaver Trail	2202
Quanah Parker Trail	2202
Red Fox Road	2202
Scott Lane	2202
White Dove Pass	2202
Crazyhorse Pass	2203
Pyramid Drive	2203
Quanah Parker Trail	2203
Rain Water Drive	2203
Whitebead Trail	2203
Crazyhorse Pass	2204
Indian Creek Road	2204
Little Beaver Trail	2204
Pyramid Drive	2204
Quanah Parker Trail	2204
Rain Water Drive	2204
Red Fox Road	2204
White Dove Pass	2204
Whitebead Trail	2204
Crazyhorse Pass	2205
Indian Creek Road	2205
Pyramid Drive	2205
Ranch Road 620	2205
Red Fox Road	2205
White Dove Pass	2205
Whitebead Trail	2205
Indian Creek Road	2206
Little Beaver Trail	2206
Rain Water Drive	2206
Red Fox Road	2206
White Dove Pass	2206
Whitebead Trail	2206
Indian Creek Road	2207
Red Fox Road	2207
Whitebead Trail	2207
Indian Creek Road	2208
Little Beaver Trail	2208
Quanah Parker Trail	2208
Red Fox Road	2208
White Dove Pass	2208
Whitebead Trail	2208
Ranch Road 620	2209
Little Beaver Trail	2210
Whitebead Trail	2210
White Dove Pass	2211
Little Beaver Trail	2212
Ranch Road 620	2213
Little Beaver Trail	2214
Crazyhorse Pass	2300
Indian Creek Road	2300
Little Beaver Trail	2300
Red Fox Road	2300
Whitebead Trail	2300
Pyramid Drive	2301
Whitebead Trail	2301
Indian Creek Road	2302
Little Beaver Trail	2302
Pyramid Drive	2302
Rain Water Drive	2302
Red Fox Road	2302
White Dove Pass	2302
Whitebead Trail	2302
Crazyhorse Pass	2303
Indian Creek Road	2303
Pyramid Drive	2303
Quanah Parker Trail	2303
White Dove Pass	2303
Whitebead Trail	2303
Indian Creek Road	2304
Little Beaver Trail	2304
Pyramid Drive	2304
Red Fox Road	2304
Crazyhorse Pass	2305
Indian Creek Road	2305
Pyramid Drive	2305
Quanah Parker Trail	2305
Ranch Road 620	2305
Red Fox Road	2305
Crazyhorse Pass	2306
Indian Creek Road	2306
Little Beaver Trail	2306
Rain Water Drive	2306
Red Fox Road	2306
White Dove Pass	2306
Whitebead Trail	2306
Crazyhorse Pass	2307
Quanah Parker Trail	2307
Red Fox Road	2307
Crazyhorse Pass	2308
Indian Creek Road	2308
Little Beaver Trail	2308
Pyramid Drive	2308
Quanah Parker Trail	2308
Rain Water Drive	2308
White Dove Pass	2308
Indian Creek Road	2309
Pyramid Drive	2309
Quanah Parker Trail	2309
Ranch Road 620	2309
White Dove Pass	2309
Indian Creek Road	2310
Little Beaver Trail	2310
Indian Creek Road	2312
Little Beaver Trail	2312
Ranch Road 620	2313
Little Beaver Trail	2314
Little Beaver Trail	2316
Little Beaver Trail	2318
Little Beaver Trail	2320
Little Beaver Trail	2322
Little Beaver Trail	2324
Crazyhorse Pass	2400
Eagle Point	2400
Indian Creek Road	2400
Jacks Pass	2400
Rain Water Drive	2400
Red Fox Road	2400
White Dove Pass	2400
Whitebead Trail	2400
Crazyhorse Pass	2401
Eagle Point	2401
Indian Creek Road	2401
Quanah Parker Trail	2401
Ranch Road 620	2401
Red Fox Road	2401
White Dove Pass	2401
Crazyhorse Pass	2402
Eagle Point	2402
Indian Creek Road	2402
Pyramid Drive	2402
Red Fox Road	2402
White Dove Pass	2402
Crazyhorse Pass	2403
Eagle Point	2403
Indian Creek Road	2403
Quanah Parker Trail	2403
Red Fox Road	2403
White Dove Pass	2403
Crazyhorse Pass	2404
Eagle Point	2404
Indian Creek Road	2404
Jacks Pass	2404
Pyramid Drive	2404
Red Fox Road	2404
White Dove Pass	2404
Whitebead Trail	2404
Crazyhorse Pass	2405
Eagle Point	2405
Quanah Parker Trail	2405
Ranch Road 620	2405
Red Fox Road	2405
Crazyhorse Pass	2406
Eagle Point	2406
Indian Creek Road	2406
Jacks Pass	2406
White Dove Pass	2406
Whitebead Trail	2406
Crazyhorse Pass	2407
Eagle Point	2407
Quanah Parker Trail	2407
Red Fox Road	2407
Crazyhorse Pass	2408
Indian Creek Road	2408
Jacks Pass	2408
Quanah Parker Trail	2408
White Dove Pass	2408
Eagle Point	2409
Quanah Parker Trail	2409
Ranch Road 620	2409
Crazyhorse Pass	2410
Indian Creek Road	2410
Jacks Pass	2410
Quanah Parker Trail	2410
Crazyhorse Pass	2411
Eagle Point	2411
Quanah Parker Trail	2411
Ranch Road 620	2411
Crazyhorse Pass	2412
Jacks Pass	2412
Quanah Parker Trail	2413
Crazyhorse Pass	2414
Crazyhorse Pass	2415
Quanah Parker Trail	2415
Crazyhorse Pass	2416
Crazyhorse Pass	2417
Crazyhorse Pass	2418
Crazyhorse Pass	2419
Crazyhorse Pass	2420
Crazyhorse Pass	2421
Crazyhorse Pass	2422
Crazyhorse Pass	2500
Indian Creek Road	2500
Pyramid Drive	2500
Crazyhorse Pass	2501
Geronimo Trail	2501
Indian Creek Road	2501
Pyramid Drive	2501
Crazyhorse Pass	2502
Indian Creek Road	2502
Pyramid Drive	2502
Geronimo Trail	2503
Crazyhorse Pass	2504
Indian Creek Road	2504
Indian Creek Road	2505
Ranch Road 620	2505
Crazyhorse Pass	2506
Indian Creek Road	2506
Crazyhorse Pass	2507
Indian Creek Road	2507
Crazyhorse Pass	2508
Indian Creek Road	2508
Indian Creek Road	2509
Ranch Road 620	2509
Crazyhorse Pass	2510
Indian Creek Road	2510
Crazyhorse Pass	2511
Geronimo Trail	2511
Indian Creek Road	2511
Crazyhorse Pass	2512
Indian Creek Road	2512
Crazyhorse Pass	2513
Geronimo Trail	2513
Indian Creek Road	2513
Ranch Road 620	2513
Crazyhorse Pass	2514
Indian Creek Road	2514
Crazyhorse Pass	2515
Crazyhorse Pass	2516
Indian Creek Road	2516
Crazyhorse Pass	2517
Crazyhorse Pass	2518
Crazyhorse Pass	2600
Indian Creek Road	2600
Lawrence Drive	2600
Pyramid Drive	2600
Big Horn Drive	2601
Crazyhorse Pass	2601
Geronimo Trail	2601
Indian Creek Road	2601
Pyramid Drive	2601
Crazyhorse Pass	2602
Indian Creek Road	2602
Lawrence Drive	2602
Big Horn Drive	2603
Crazyhorse Pass	2603
Geronimo Trail	2603
Indian Creek Road	2603
Pyramid Drive	2603
Ranch Road 620	2603
Crazyhorse Pass	2604
Indian Creek Road	2604
Big Horn Drive	2605
Crazyhorse Pass	2605
Geronimo Trail	2605
Indian Creek Road	2605
Pyramid Drive	2605
Crazyhorse Pass	2606
Big Horn Drive	2607
Geronimo Trail	2607
Indian Creek Road	2607
Crazyhorse Pass	2608
Geronimo Trail	2608
Indian Creek Road	2608
Big Horn Drive	2609
Geronimo Trail	2609
Indian Creek Road	2609
Crazyhorse Pass	2610
Indian Creek Road	2611
Crazyhorse Pass	2612
Geronimo Trail	2613
Indian Creek Road	2613
Crazyhorse Pass	2614
Geronimo Trail	2615
Crazyhorse Pass	2616
Crazyhorse Pass	2618
Geronimo Trail	2619
Crazyhorse Pass	2620
Geronimo Trail	2620
Geronimo Trail	2622
Crazyhorse Pass	2623
Crazyhorse Pass	2624
Geronimo Trail	2624
Geronimo Trail	2625
Crazyhorse Pass	2626
Geronimo Trail	2626
Crazyhorse Pass	2627
Geronimo Trail	2627
Crazyhorse Pass	2628
Geronimo Trail	2628
Geronimo Trail	2630
Crazyhorse Pass	2631
Geronimo Trail	2631
Crazyhorse Pass	2632
Geronimo Trail	2632
Crazyhorse Pass	2633
Geronimo Trail	2633
Crazyhorse Pass	2634
Crazyhorse Pass	2636
Crazyhorse Pass	2637
Crazyhorse Pass	2638
Crazyhorse Pass	2639
Crazyhorse Pass	2640
Crazyhorse Pass	2641
Crazyhorse Pass	2642
Crazyhorse Pass	2643
Crazyhorse Pass	2644
Crazyhorse Pass	2645
Crazyhorse Pass	2646
Crazyhorse Pass	2648
Crazyhorse Pass	2649
Crazyhorse Pass	2650
Crazyhorse Pass	2651
Crazyhorse Pass	2652
Crazyhorse Pass	2654
Crazyhorse Pass	2656
Crazyhorse Pass	2658
Crazyhorse Pass	2660
Crazyhorse Pass	2662
Crazyhorse Pass	2665
Crazyhorse Pass	2667
Crazyhorse Pass	2668
Crazyhorse Pass	2669
Crazyhorse Pass	2670
Crazyhorse Pass	2671
Crazyhorse Pass	2672
Crazyhorse Pass	2673
Crazyhorse Pass	2674
Crazyhorse Pass	2675
Crazyhorse Pass	2676
Crazyhorse Pass	2677
Crazyhorse Pass	2678
Crazyhorse Pass	2682
Crazyhorse Pass	2684
Geronimo Trail	2700
Indian Creek Road	2700
Lawrence Drive	2700
Long Bow Trail	2700
Pyramid Drive	2700
Sherman Court	2700
Geronimo Trail	2701
Indian Creek Road	2701
Lawrence Drive	2701
Long Bow Trail	2701
Reynolds Court	2701
Sherman Court	2701
Geronimo Trail	2702
Indian Creek Road	2702
Lawrence Drive	2702
Long Bow Trail	2702
Pyramid Drive	2702
Reynolds Court	2702
Sherman Court	2702
Geronimo Trail	2703
Indian Creek Road	2703
Lawrence Drive	2703
Long Bow Trail	2703
Palcheff Court	2703
Pyramid Drive	2703
Reynolds Court	2703
Sherman Court	2703
Geronimo Trail	2704
Indian Creek Road	2704
Lawrence Drive	2704
Long Bow Trail	2704
Palcheff Court	2704
Reynolds Court	2704
Sherman Court	2704
Geronimo Trail	2705
Indian Creek Road	2705
Lawrence Drive	2705
Palcheff Court	2705
Ranch Road 620	2705
Reynolds Court	2705
Sherman Court	2705
Geronimo Trail	2706
Indian Creek Road	2706
Lawrence Drive	2706
Long Bow Trail	2706
Palcheff Court	2706
Reynolds Court	2706
Sherman Court	2706
Geronimo Trail	2707
Indian Creek Road	2707
Lawrence Drive	2707
Palcheff Court	2707
Reynolds Court	2707
Sherman Court	2707
Geronimo Trail	2708
Indian Creek Road	2708
Lawrence Drive	2708
Palcheff Court	2708
Reynolds Court	2708
Sherman Court	2708
Geronimo Trail	2709
Indian Creek Road	2709
Lawrence Drive	2709
Long Bow Trail	2709
Palcheff Court	2709
Ranch Road 620	2709
Reynolds Court	2709
Sherman Court	2709
Geronimo Trail	2710
Long Bow Trail	2710
Sherman Court	2710
Geronimo Trail	2711
Indian Creek Road	2711
Long Bow Trail	2711
Palcheff Court	2711
Geronimo Trail	2712
Indian Creek Road	2712
Geronimo Trail	2713
Indian Creek Road	2713
Long Bow Trail	2713
Ranch Road 620	2713
Geronimo Trail	2714
Geronimo Trail	2715
Indian Creek Road	2715
Long Bow Trail	2715
Geronimo Trail	2716
Long Bow Trail	2716
Long Bow Trail	2717
Geronimo Trail	2718
Long Bow Trail	2718
Long Bow Trail	2719
Long Bow Trail	2720
Long Bow Trail	2721
Long Bow Trail	2722
Long Bow Trail	2723
Long Bow Trail	2724
Long Bow Trail	2725
Long Bow Trail	2727
Brass Buttons Trail	2800
Geronimo Trail	2800
Lariat Trail	2800
Lawrence Drive	2800
Long Bow Trail	2800
Manitou Drive	2800
Pyramid Drive	2800
Brass Buttons Trail	2801
Lawrence Drive	2801
Long Bow Trail	2801
Manitou Drive	2801
Pyramid Drive	2801
Ranch Road 620	2801
Brass Buttons Trail	2802
Geronimo Trail	2802
Lariat Trail	2802
Lawrence Drive	2802
Long Bow Trail	2802
Manitou Drive	2802
Brass Buttons Trail	2803
Lariat Trail	2803
Lawrence Drive	2803
Long Bow Trail	2803
Manitou Drive	2803
Pyramid Drive	2803
Long Bow Trail	2804
Manitou Drive	2804
Brass Buttons Trail	2805
Geronimo Trail	2805
Long Bow Trail	2805
Manitou Drive	2805
Pyramid Drive	2805
Ranch Road 620	2805
Long Bow Trail	2806
Geronimo Trail	2807
Lariat Trail	2807
Manitou Drive	2807
Geronimo Trail	2808
Long Bow Trail	2808
Geronimo Trail	2809
Lariat Trail	2809
Long Bow Trail	2809
Ranch Road 620	2809
Geronimo Trail	2810
Long Bow Trail	2810
Geronimo Trail	2811
Long Bow Trail	2811
Long Bow Trail	2812
Geronimo Trail	2813
Lariat Trail	2813
Ranch Road 620	2813
Long Bow Trail	2814
Geronimo Trail	2815
Lariat Trail	2815
Geronimo Trail	2816
Geronimo Trail	2817
Geronimo Trail	2818
Geronimo Trail	2819
Geronimo Trail	2820
Geronimo Trail	2821
Lariat Trail	2821
Geronimo Trail	2822
Geronimo Trail	2823
Lariat Trail	2823
Geronimo Trail	2825
Lariat Trail	2825
Brass Buttons Trail	2900
Chisholm Trail	2900
Geronimo Trail	2900
Noack Drive	2900
Pyramid Drive	2900
Brass Buttons Trail	2901
Geronimo Trail	2901
Katter Court	2901
Noack Drive	2901
Pyramid Drive	2901
Ranch Road 620	2901
Noack Drive	2902
Pyramid Drive	2902
Brass Buttons Trail	2903
Buffalo Trail	2903
Chisholm Trail	2903
Geronimo Trail	2903
Katter Court	2903
Noack Drive	2903
Pyramid Drive	2903
Ranch Road 620	2903
Brass Buttons Trail	2904
Chisholm Trail	2904
Noack Drive	2904
Brass Buttons Trail	2905
Buffalo Trail	2905
Chisholm Trail	2905
Geronimo Trail	2905
Noack Drive	2905
Ranch Road 620	2905
Chisholm Trail	2906
Noack Drive	2906
Brass Buttons Trail	2907
Buffalo Trail	2907
Chisholm Trail	2907
Geronimo Trail	2907
Lawrence Drive	2907
Noack Drive	2907
Pyramid Drive	2907
Chisholm Trail	2908
Noack Drive	2908
Brass Buttons Trail	2909
Buffalo Trail	2909
Chisholm Trail	2909
Geronimo Trail	2909
Lawrence Drive	2909
Noack Drive	2909
Pyramid Drive	2909
Ranch Road 620	2909
Chisholm Trail	2910
Brass Buttons Trail	2911
Buffalo Trail	2911
Chisholm Trail	2911
Lawrence Drive	2911
Noack Drive	2911
Chisholm Trail	2912
Brass Buttons Trail	2913
Chisholm Trail	2913
Geronimo Trail	2913
Ranch Road 620	2913
Chisholm Trail	2914
Brass Buttons Trail	2915
Chisholm Trail	2915
Geronimo Trail	2915
Brass Buttons Trail	2916
Chisholm Trail	2916
Brass Buttons Trail	2917
Chisholm Trail	2917
Geronimo Trail	2917
Brass Buttons Trail	2918
Brass Buttons Trail	2919
Geronimo Trail	2919
Brass Buttons Trail	2920
Brass Buttons Trail	3000
Buffalo Trail	3000
Chisholm Trail	3000
Paleface Court	3000
Spotted Wolf Trail	3000
Brass Buttons Trail	3001
Buffalo Trail	3001
Chisholm Trail	3001
Geronimo Trail	3001
Lawrence Drive	3001
Noack Drive	3001
Paleface Court	3001
Spotted Wolf Trail	3001
Brass Buttons Trail	3002
Chisholm Trail	3002
Paleface Court	3002
Spotted Wolf Trail	3002
Brass Buttons Trail	3003
Buffalo Trail	3003
Chisholm Trail	3003
Geronimo Trail	3003
Lawrence Drive	3003
Noack Drive	3003
Paleface Court	3003
Ranch Road 620	3003
Brass Buttons Trail	3004
Chisholm Trail	3004
Paleface Court	3004
Pamella Court	3004
Spotted Wolf Trail	3004
Brass Buttons Trail	3005
Buffalo Trail	3005
Chisholm Trail	3005
Geronimo Trail	3005
Paleface Court	3005
Pamella Court	3005
Chisholm Trail	3006
Paleface Court	3006
Spotted Wolf Trail	3006
Brass Buttons Trail	3007
Buffalo Trail	3007
Chisholm Trail	3007
Geronimo Trail	3007
Paleface Court	3007
Brass Buttons Trail	3008
Chisholm Trail	3008
Paleface Court	3008
Spotted Wolf Trail	3008
Brass Buttons Trail	3009
Chisholm Trail	3009
Geronimo Trail	3009
Spotted Wolf Trail	3009
Brass Buttons Trail	3010
Chisholm Trail	3010
Spotted Wolf Trail	3010
Brass Buttons Trail	3011
Chisholm Trail	3011
Geronimo Trail	3011
Ranch Road 620	3011
Spotted Wolf Trail	3011
Brass Buttons Trail	3012
Chisholm Trail	3012
Spotted Wolf Trail	3012
Chisholm Trail	3013
Geronimo Trail	3013
Brass Buttons Trail	3014
Spotted Wolf Trail	3014
Brass Buttons Trail	3015
Chisholm Trail	3015
Geronimo Trail	3015
Brass Buttons Trail	3016
Spotted Wolf Trail	3016
Geronimo Trail	3017
Geronimo Trail	3018
Spotted Wolf Trail	3018
Geronimo Trail	3019
Geronimo Trail	3020
Geronimo Trail	3021
Geronimo Trail	3023
Geronimo Trail	3024
Geronimo Trail	3025
Geronimo Trail	3027
Geronimo Trail	3029
Brass Buttons Trail	3100
Scott Drive	3100
Brass Buttons Trail	3101
Chisholm Trail	3101
Coyote Court	3101
Geronimo Trail	3101
Brass Buttons Trail	3102
Chisholm Trail	3102
Coyote Court	3102
Brass Buttons Trail	3103
Chisholm Trail	3103
Geronimo Trail	3103
Brass Buttons Trail	3104
Coyote Court	3104
Scott Drive	3104
Chisholm Trail	3105
Coyote Court	3105
Geronimo Trail	3105
Brass Buttons Trail	3106
Chisholm Trail	3106
Brass Buttons Trail	3107
Chisholm Trail	3107
Coyote Court	3107
Geronimo Trail	3107
Scott Drive	3107
Brass Buttons Trail	3108
Chisholm Trail	3108
Brass Buttons Trail	3109
Chisholm Trail	3109
Geronimo Trail	3109
Scott Drive	3109
Brass Buttons Trail	3110
Brass Buttons Trail	3111
Chisholm Trail	3111
Geronimo Trail	3111
Brass Buttons Trail	3112
Brass Buttons Trail	3113
Chisholm Trail	3113
Ranch Road 620	3113
Brass Buttons Trail	3114
Brass Buttons Trail	3115
Chisholm Trail	3115
Brass Buttons Trail	3116
Brass Buttons Trail	3117 1/2
Brass Buttons Trail	3117
Chisholm Trail	3117
Chisholm Trail	3119
Chisholm Trail	3121
Chisholm Trail	3123
Geronimo Trail	3124
Chisholm Trail	3125
Geronimo Trail	3125
Chisholm Trail	3126
Geronimo Trail	3126
Chisholm Trail	3127
Geronimo Trail	3127
Chisholm Trail	3128
Chisholm Trail	3129
Geronimo Trail	3129
Chisholm Trail	3130
Chisholm Trail	3131
Chisholm Trail	3132
Chisholm Trail	3133
Chisholm Trail	3134
Chisholm Trail	3135
Chisholm Trail	3137
Chisholm Trail	3138
Chisholm Trail	3139
Chisholm Trail	3140
Chisholm Trail	3141
Chisholm Trail	3143
Chisholm Trail	3145
Chisholm Trail	3147
Brass Buttons Trail	3200
Cash Court	3200
Scenic Overlook Trl	3200
Ranch Road 620	3201 1/2
Brass Buttons Trail	3201
Cash Court	3201
Ranch Road 620	3201
Scenic Overlook Trl	3201
Brass Buttons Trail	3202
Cash Court	3202
Neidhardt Drive	3202
Brass Buttons Trail	3203
Cash Court	3203
Neidhardt Drive	3203
Cash Court	3204
Neidhardt Drive	3204
Brass Buttons Trail	3205
Cash Court	3205
Neidhardt Drive	3205
Ranch Road 620	3205
Scenic Overlook Trl	3205
Brass Buttons Trail	3207
Neidhardt Drive	3207
Neidhardt Drive	3208
Scenic Overlook Trl	3208
Brass Buttons Trail	3209
Neidhardt Drive	3209
Ranch Road 620	3209
Scenic Overlook Trl	3209
Brass Buttons Trail	3210
Neidhardt Drive	3210
Brass Buttons Trail	3211
Brass Buttons Trail	3212
Neidhardt Drive	3212
Brass Buttons Trail	3213
Ranch Road 620	3213
Scenic Overlook Trl	3213
Brass Buttons Trail	3214
Brass Buttons Trail	3215
Neidhardt Drive	3215
Brass Buttons Trail	3216
Brass Buttons Trail	3217
Neidhardt Drive	3217
Ranch Road 620	3217
Brass Buttons Trail	3218
Brass Buttons Trail	3219
Brass Buttons Trail	3220
Scenic Overlook Trl	3220
Brass Buttons Trail	3221
Scenic Overlook Trl	3221
Brass Buttons Trail	3222
Brass Buttons Trail	3223
Brass Buttons Trail	3224
Brass Buttons Trail	3225
Brass Buttons Trail	3226
Brass Buttons Trail	3227
Brass Buttons Trail	3228
Brass Buttons Trail	3229
Brass Buttons Trail	3230
Brass Buttons Trail	3231
Brass Buttons Trail	3232
Brass Buttons Trail	3233
Brass Buttons Trail	3234
Brass Buttons Trail	3235
Brass Buttons Trail	3236
Brass Buttons Trail	3237
Brass Buttons Trail	3238
Brass Buttons Trail	3239
Brass Buttons Trail	3240
Brass Buttons Trail	3241
Brass Buttons Trail	3242
Brass Buttons Trail	3243
Brass Buttons Trail	3244
Brass Buttons Trail	3245
Brass Buttons Trail	3246
Brass Buttons Trail	3247
Brass Buttons Trail	3248
Brass Buttons Trail	3249
Brass Buttons Trail	3251
Brass Buttons Trail	3253
Brass Buttons Trail	3255
Brass Buttons Trail	3257
Brass Buttons Trail	3263
Brass Buttons Trail	3265
Brass Buttons Trail	3267
Scenic Overlook Trl	3300
Scott Drive	3300
Windy Harbor Drive	3300
Scenic Overlook Trl	3301
Scott Drive	3301
Windy Harbor Drive	3301
Ranch Road 620	3303
Windy Harbor Drive	3303
Windy Harbor Drive	3304
Ranch Road 620	3305
Ranch Road 620	3307
Windy Harbor Drive	3307
Scenic Overlook Trl	3308
Windy Harbor Drive	3308
Scenic Overlook Trl	3309
Windy Harbor Drive	3312
Scenic Overlook Trl	3316
Ranch Road 620	3317
Scenic Overlook Trl	3317
San Antonio Street	3400
Scenic Overlook Trl	3400
Windy Harbor Drive	3400
Windy Harbor Drive	3401
Scott Drive	3402
San Antonio Street	3403
Scott Drive	3404
Windy Harbor Drive	3404
Ranch Road 620	3405
Windy Harbor Drive	3405
Scott Drive	3408
Scenic Overlook Trail	3409
Windy Harbor Drive	3409
Windy Harbor Drive	3410
Ranch Road 620	3411
Scenic Overlook Trl	3416
Scenic Overlook Trl	3417
Scenic Overlook Trl	3424
Windy Harbor Drive	3500
San Antonio Street	3501
Scenic Overlook Trl	3501
Windy Harbor Drive	3501
Scenic Overlook Trl	3504
Cloudy Ridge Road	3505
Windy Harbor Drive	3505
Cloudy Ridge Road	3506
Windy Harbor Drive	3509
Ranch Road 620	3519
Ranch Road 620	3575
Mountain View Avenue	3600
San Antonio Street	3600
Scenic Overlook Trl	3600
Cloudy Ridge Road	3601
Ranch Road 620	3601
San Antonio Street	3601
Scenic Overlook Trl	3601
Cloudy Ridge Road	3602
Waco Street	3602
Ranch Road 620	3603
Cloudy Ridge Road	3605
San Antonio Street	3605
San Antonio Street	3606
Ranch Road 620	3607
San Antonio Street	3607
San Antonio Street	3609
Ranch Road 620	3611
Ranch Road 620	3619 1/2
Ranch Road 620	3619
Ranch Road 620	3623
Ranch Road 620	3629
Ranch Road 620	3631
Ranch Road 620	3633
Ranch Road 620	3635
Ranch Road 620	3637
Ranch Road 620	3639
Ranch Road 620	3641
Ranch Road 620	3643
Cloudy Ridge Road	3700
Mountain View Avenue	3700
Scenic Overlook Trl	3700
Copper Ridge Court	3701
Highland Drive	3701
Mountain View Avenue	3701
Ranch Road 620	3701
San Antonio Street	3701
Mountain View Avenue	3702
Cloudy Ridge Road	3703
Highland Drive	3703
Mountain View Avenue	3703
Ranch Road 620	3703
San Antonio Street	3703
Cloudy Ridge Road	3704
Mountain View Avenue	3704
San Antonio Street	3704
Copper Ridge Court	3705
Highland Drive	3705
Hudson Bend Road	3705
Mountain View Avenue	3705
Ranch Road 620	3705
San Antonio Street	3705
Mountain View Avenue	3706
San Antonio Street	3706
Cloudy Ridge Road	3707
Highland Drive	3707
Mountain View Avenue	3707
Ranch Road 620	3707
San Antonio Street	3707
Houston Street	3708
Mountain View Avenue	3708
San Antonio Street	3708
Copper Ridge Court	3709
Highland Drive	3709
Mountain View Avenue	3709
San Antonio Street	3709
Mountain View Avenue	3710
Highland Drive	3711
Mountain View Avenue	3711
Ranch Road 620	3711
San Antonio Street	3711
Houston Street	3712
Mountain View Avenue	3712
Copper Ridge Court	3713
Highland Drive	3713
Mountain View Avenue	3713
Houston Street	3714
Mountain View Avenue	3714
Highland Drive	3715
Mountain View Avenue	3715
Ranch Road 620	3715
Houston Street	3716
Copper Ridge Court	3717
Ranch Road 620	3717
Highland Drive	3719
Ranch Road 620	3719
Copper Ridge Court	3721
Ranch Road 620	3721
Copper Ridge Court	3725
Cloudy Ridge Road	3800
Highland Drive	3800
Houston Street	3800
Lago Vista Drive	3800
Mountain View Avenue	3800
Scenic Overlook Trl	3800
Cloudy Ridge Road	3801
Mountain View Avenue	3801
Ranch Road 620	3801
Cloudy Ridge Road	3802
Highland Drive	3802
Houston Street	3802
Lago Vista Drive	3802
Beaumont Street	3803
Highland Drive	3803
Lago Vista Drive	3803
Ranch Road 620	3803
Cloudy Ridge Road	3804
Highland Drive	3804
Houston Street	3804
Cloudy Ridge Road	3805
Lago Vista Drive	3805
Ranch Road 620	3805
Lago Vista Drive	3807
Scenic Overlook Trl	3808
Cloudy Ridge Road	3809
Ranch Road 620	3809
Scenic Overlook Trl	3809
Ranch Road 620	3811
Ranch Road 620	3813
Ranch Road 620	3815
Scenic Overlook Trl	3816
Ranch Road 620	3817
Ranch Road 620	3819
Ranch Road 620	3821
Ranch Road 620	3825
Highland Drive	3900
Lago Vista Drive	3900
Scenic Overlook Trl	3900
Beaumont Street	3901
Cloudy Ridge Road	3901
Highland Drive	3901
Lago Vista Drive	3901
Ranch Road 620	3901
Highland Drive	3902
Lago Vista Drive	3902
Lago Vista Drive	3903
Ranch Road 620	3903
Cloudy Ridge Road	3904
Highland Drive	3904
Lago Vista Drive	3904
Highland Drive	3905
Lago Vista Drive	3905
Ranch Road 620	3905
Lago Vista Drive	3906
Highland Drive	3907
Lago Vista Drive	3907
Scenic Overlook Trl	3908
Highland Drive	3909
Lago Vista Drive	3909
Ranch Road 620	3909
Scenic Overlook Trl	3909
Lago Vista Drive	3911
Double Dome Road	3913
Lago Vista Drive	3913
Highland Drive	3915
Lago Vista Drive	3915
Scenic Overlook Trl	3916
Double Dome Road	3917
Lago Vista Drive	3917
Scenic Overlook Trl	3917
Lago Vista Drive	3918
Lago Vista Drive	3919
Lago Vista Drive	3920
Lago Vista Drive	3921
Lago Vista Drive	3922
Lago Vista Drive	3923
Lago Vista Drive	3925
Lago Vista Drive	3928
Lago Vista Drive	3930
Lago Vista Drive	3931
Lago Vista Drive	3932
Lago Vista Drive	3933
Lago Vista Drive	3934
Lago Vista Drive	3935
Lago Vista Drive	3936
Cloudy Ridge Road	4000
Highland Drive	4000
Highland Drive	4001
Highland Drive	4002
Cloudy Ridge Road	4003
Double Dome Road	4003
Highland Drive	4003
Cloudy Ridge Road	4004
Highland Drive	4004
Double Dome Road	4005
Highland Drive	4005
Highland Drive	4006
Double Dome Road	4007
Highland Drive	4007
Highland Drive	4008
Double Dome Road	4009
Highland Drive	4009
Highland Drive	4010
Double Dome Road	4011
Highland Drive	4011
Double Dome Road	4013
Highland Drive	4014
Cloudy Ridge Road	4100
Cloudy Ridge Road	4101
Ranch Road 620	4101
Cloudy Ridge Road	4104
Cloudy Ridge Road	4105
Cloudy Ridge Road	4109
Ranch Road 620	4221
Ranch Road 620	4301 1/2
Montview Drive	13709
Montview Drive	13801
Montview Drive	13803
Flat Top Ranch Road	13820
Flat Top Ranch Road	13900
Hummingbird Lane	13907
Hummingbird Lane	13909
Hummingbird Lane	13916
Hummingbird Lane	13921
Hummingbird Lane	13923
Flat Top Ranch Road	13928 1/2
Echo Lane	14000
Hummingbird Lane	14013
Flat Top Ranch Road	14016
Flat Top Ranch Road	14029 1/2
Flat Top Ranch Road	14100
Flat Top Ranch Road	14108
Low Water Crossing Road	14111
Low Water Crossing Road	14112
Flat Top Ranch Road	14116
Flat Top Ranch Road	14124
Flat Top Ranch Road	14128 1/2
Flat Top Ranch Road	14132
Flat Top Ranch Road	14208
Flat Top Ranch Road	14308
Flat Top Ranch Road	14316
Flat Top Ranch Road	14400
Flat Top Ranch Road	14500
Flat Top Ranch Road	14508
Flat Top Ranch Road	14516
Flat Top Ranch Road	14524
Flat Top Ranch Road	14600
Flat Top Ranch Road	14608
Flat Top Ranch Road	14616
Fritz Hughes Park Road	3100
Rippling Creek Court	3100
Fritz Hughes Park Road	3103
Fritz Hughes Park Road	3105
Rippling Creek Court	3116
Fritz Hughes Park Road	3210
Fritz Hughes Park Road	3301
Fritz Hughes Park Road	3302
Fritz Hughes Park Road	3306
Blue Jay Lane	3401
Oriole Cove	3402
Blue Jay Lane	3416
Blue Jay Lane	3417
Blue Jay Lane	3418
Blue Jay Lane	3420
Blue Jay Lane	3434
Blue Jay Lane	3436
Broken Bow Trail	15030
Pyramid Drive	2105
Ranch Road 620	1607
Scott Drive	3100
